{"isolation_forest":0.4968806721,"one_class_svm":0.6935261145,"autoencoder":0.8905828527}